task,agent_name,episodes,avg_total_reward,avg_episode_length,avg_steps,avg_survivors,avg_deaths,survival_rate,critical_survival_rate,avg_health_alive,stabilization_rate,avg_stabilization_rate,invalid_action_count,avg_invalid_action_count,success_rate
task2,RandomAgent,30,85.71547222222222,24,24,1.8,2.2,0.45,0.0,51.94166666666667,0.45,0.45,0,,0.0
task2,RuleBasedAgent,30,154.46125,24,24,1,3,0.25,0.0,20.0,0.25,0.25,0,,0.0
task2,RLAgent,30,272.9265833333333,24,24,2,2,0.5,1.0,45.81666666666667,0.5,0.5,0,,0.0
task2,TrainedQAgent,30,195.39540277777778,24,24,2.3,1.7,0.575,0.5,47.78888888888889,0.575,0.575,0,,0.4
task3,RandomAgent,30,-163.74204166666667,23.166666666666668,23.166666666666668,0.3333333333333333,4.666666666666667,0.06666666666666667,0.0,12.55,0.06666666666666667,0.06666666666666667,0,,0.0
task3,RuleBasedAgent,30,20.30999999999998,28,28,1,4,0.2,0.0,9.0,0.2,0.2,0,,0.0
task3,RLAgent,30,-18.760222222222225,26.133333333333333,26.133333333333333,1.3666666666666667,3.6333333333333333,0.2733333333333334,0.0,68.75833333333334,0.2733333333333334,0.2733333333333334,0,,0.0
task3,TrainedQAgent,30,-9.950000000000022,28,28,1,4,0.2,0.0,80.56666666666666,0.2,0.2,0,,0.0
